{
  "variants": {
    "normal": [
      { "model": "dirt" },
      { "model": "dirt", "y": 90 },
      { "model": "dirt", "y": 180 },
      { "model": "dirt", "y": 270 },
      { "model": "dirt_mirrored" },
      { "model": "dirt_mirrored", "y": 90 },
      { "model": "dirt_mirrored", "y": 180 },
      { "model": "dirt_mirrored", "y": 270 },

      { "model": "dirt", "x": 180 },
      { "model": "dirt", "y": 90, "x": 180 },
      { "model": "dirt", "y": 180, "x": 180 },
      { "model": "dirt", "y": 270, "x": 180 },
      { "model": "dirt_mirrored", "x": 180 },
      { "model": "dirt_mirrored", "y": 90, "x": 180 },
      { "model": "dirt_mirrored", "y": 180, "x": 180 },
      { "model": "dirt_mirrored", "y": 270, "x": 180 }
    ]
  }
}
