{
    "variants": {
      "normal": [
        { "model": "sand" },
        { "model": "sand", "y": 90 },
        { "model": "sand", "y": 180 },
        { "model": "sand", "y": 270 },
  
        { "model": "sand", "x": 90 },
        { "model": "sand", "y": 90, "x": 90 },
        { "model": "sand", "y": 180, "x": 90 },
        { "model": "sand", "y": 270, "x": 90 },
  
        { "model": "sand", "x": 180 },
        { "model": "sand", "y": 90, "x": 180 },
        { "model": "sand", "y": 180, "x": 180 },
        { "model": "sand", "y": 270, "x": 180 },
  
        { "model": "sand", "x": 270 },
        { "model": "sand", "y": 90, "x": 270 },
        { "model": "sand", "y": 180, "x": 270 },
        { "model": "sand", "y": 270, "x": 270 }
      ]
    }
  }
  