{
  "variants": {
    "facing=up,powered=false": [
      { "model": "wooden_button" },
      { "model": "wooden_button", "y": 180 }
    ],
    "facing=down,powered=false": [
      { "model": "wooden_button", "x": 180 },
      { "model": "wooden_button", "y": 180, "x": 180 }
    ],
    "facing=east,powered=false": [
      { "model": "wooden_button", "y": 90, "x": 90 }
    ],
    "facing=west,powered=false": [
      { "model": "wooden_button", "y": 270, "x": 90 }
    ],
    "facing=south,powered=false": [
      { "model": "wooden_button", "y": 180, "x": 90 }
    ],
    "facing=north,powered=false": [
      { "model": "wooden_button", "x": 90 }
    ],
    "facing=up,powered=true": [
      { "model": "wooden_button_pressed" },
      { "model": "wooden_button_pressed", "y": 180 }
    ],
    "facing=down,powered=true": [
      { "model": "wooden_button_pressed", "x": 180 },
      { "model": "wooden_button_pressed", "y": 180, "x": 180 }
    ],
    "facing=east,powered=true": [
      { "model": "wooden_button_pressed", "y": 90, "x": 90 }
    ],
    "facing=west,powered=true": [
      { "model": "wooden_button_pressed", "y": 270, "x": 90 }
    ],
    "facing=south,powered=true": [
      { "model": "wooden_button_pressed", "y": 180, "x": 90 }
    ],
    "facing=north,powered=true": [
      { "model": "wooden_button_pressed", "x": 90 }
    ]
  }
}
